Item Type,Title,Author,Death Year (AH),Kitab (كتاب),Bab (باب),Tahta Qawlihi (تحت قوله),Volume/Page (ج/ص),Hadith/Mas'alah No.,Publisher,Place,Edition,Publication Year (AH/CE),Language,Short Title,Tags
book,الأشباه والنظائر,علامہ زین الدین بن ابراہیم ابن نجیم حنفی,٩٧٠ هـ,,,,,,دار الكتب العلمية,بيروت,الطبعة الأولى,١٤١٣ هـ / ١٩٩٣ م,Arabic,الأشباه والنظائر,كتب فقه
book,إمداد الفتاح شرح نور الإيضاح,علامہ حسن بن عمار شرنبلالی حنفی,١٠٦٩ هـ,,,,,,دار إحياء التراث العربي,بيروت,الطبعة الأولى,١٤٢١ هـ / ٢٠٠١ م,Arabic,إمداد الفتاح,كتب فقه
book,بدائع الصنائع,امام علاؤ الدین ابو بکر بن مسعود کاسانی حنفی,٥٨٧ هـ,,,,,,دار الكتب العلمية,بيروت,الطبعة الأولى,١٤١٨ هـ / ١٩٩٧ م,Arabic,بدائع الصنائع,كتب فقه
book,بهار شريعت,صدر الشریعہ مفتی محمد امجد علی اعظمی حنفی,١٣٦٧ هـ,,,,,,مكتبة المدينة,كراچي,,,Urdu,بهار شريعت,كتب فقه
book,البحر الرائق شرح كنز الدقائق,علامہ زین الدین بن ابراہیم ابن نجیم حنفی,٩٧٠ هـ,,,,,,دار الكتب العلمية,بيروت,الطبعة الأولى,١٤١٨ هـ / ١٩٩٧ م,Arabic,البحر الرائق,كتب فقه
book,البناية شرح الهداية,امام بدر الدین محمود بن احمد العینی حنفی,٨٥٥ هـ,,,,,,دار الكتب العلمية,بيروت,الطبعة الأولى,١٤٢٠ هـ / ٢٠٠٠ م,Arabic,البناية,كتب فقه
book,تحفة الفقهاء,علامہ علاؤ الدین سمرقندی حنفی,,,,,,,دار الفكر,,,,Arabic,تحفة الفقهاء,كتب فقه
book,تنقيح الفتاوى الحامدية,علامہ سید محمد امین ابن عابدین شامی حنفی,١٢٥٢ هـ,,,,,,مكتبة حقانية,پشاور,,,Arabic,تنقيح الحامدية,كتب فقه
book,التصحيح والترجيح على مختصر القدوري,علامہ قاسم بن قطلوبغا حنفی,٨٧٩ هـ,,,,,,دار الكتب العلمية,بيروت,الطبعة الأولى,١٤٢٣ هـ / ٢٠٠٢ م,Arabic,التصحيح والترجيح,كتب فقه
book,تبيين الحقائق شرح كنز الدقائق,علامہ فخر الدین عثمان بن علی زیلعی حنفی,٧٤٣ هـ,,,,,,دار الكتب العلمية,بيروت,الطبعة الأولى,١٤٢٠ هـ / ٢٠٠٠ م,Arabic,تبيين الحقائق,كتب فقه
book,تنوير الأبصار,علامہ محمد بن عبد الله تمرتاشی حنفی,١٠٠٤ هـ,,,,,,دار الكتب العلمية,بيروت,الطبعة الأولى,١٤٢٣ هـ / ٢٠٠٢ م,Arabic,تنوير الأبصار,كتب فقه
book,الجوهرة النيرة,علامہ ابو بکر بن علی حداد زبیدی حنفی,٨٠٠ هـ,,,,,,دار الكتب العلمية,بيروت,الطبعة الأولى,١٤٢٧ هـ / ٢٠٠٦ م,Arabic,الجوهرة النيرة,كتب فقه
book,جامع المضمرات والمشكلات شرح مختصر القدوري,علامہ یوسف بن عمر کادوری حنفی,٨٣٢ هـ,,,,,,دار الكتب العلمية,بيروت,الطبعة الأولى,١٤٣٩ هـ / ٢٠١٨ م,Arabic,جامع المضمرات,كتب فقه
book,الجامع الصغير,امام محمد بن حسن شیبانی حنفی,١٨٩ هـ,,,,,,دار ابن حزم,بيروت,الطبعة الأولى,١٤٣٢ هـ / ٢٠١١ م,Arabic,الجامع الصغير,كتب فقه
book,الجامع الكبير,امام محمد بن حسن شیبانی حنفی,١٨٩ هـ,,,,,,دار الكتب العلمية,,,,Arabic,الجامع الكبير,كتب فقه
book,جد الممتار على رد المحتار,امام احمد رضا خان حنفی,١٣٤٠ هـ,,,,,,دار الفقيه,,,,Arabic,جد الممتار,كتب فقه
book,حاشية الطحطاوي على الدر المختار,علامہ احمد بن محمد طحطاوی حنفی,١٢٣١ هـ,,,,,,دار المعرفة,بيروت,الطبعة الأولى,١٣٩٥ هـ / ١٩٧٥ م,Arabic,حاشية الطحطاوي على الدر,كتب فقه
book,حاشية الطحطاوي على مراقي الفلاح,علامہ احمد بن محمد طحطاوی حنفی,١٢٣١ هـ,,,,,,دار الكتب العلمية,بيروت,الطبعة الأولى,١٤١٨ هـ / ١٩٩٧ م,Arabic,حاشية الطحطاوي على مراقي,كتب فقه
book,خلاصة الفتاوى,علامہ افتخار الدین طاہر بن احمد بخاری حنفی,٥٤٢ هـ,,,,,,مكتبة رشيدية,كوئتة,,,Arabic,خلاصة الفتاوى,كتب فقه
book,الدر المختار,علامہ علاؤ الدین محمد بن علی حصکفی حنفی,١٠٨٨ هـ,,,,,,دار الكتب العلمية,بيروت,الطبعة الأولى,١٤٢٣ هـ / ٢٠٠٢ م,Arabic,الدر المختار,كتب فقه
book,درر الحكام شرح غرر الأحكام,علامہ محمد بن فراموز ملا خسرو حنفی,٨٨٥ هـ,,,,,,ميرمحمد كتب خانه,,,,Arabic,درر الحكام,كتب فقه
book,الدر المنتقى,علامہ علاؤ الدین محمد بن علی ابن عابدین حنفی,١٠٨٨ هـ,,,,,,دار الكتب العلمية,بيروت,الطبعة الأولى,١٤١٩ هـ / ١٩٩٨ م,Arabic,الدر المنتقى,كتب فقه
book,الذخيرة البرهانية,علامہ محمود بن احمد مرغینانی حنفی,٦١٦ هـ,,,,,,دار الكتب العلمية,بيروت,,,Arabic,الذخيرة البرهانية,كتب فقه
book,رمز الحقائق,امام بدر الدین محمود بن احمد عینی حنفی,٨٥٥ هـ,,,,,إدارة القرآن,كراچي,,,Arabic,رمز الحقائق,كتب فقه
book,رد المحتار على الدر المختار,علامہ سید محمد امین ابن عابدین شامی حنفی,١٢٥٢ هـ,,,,,,دار المعرفة,بيروت,الطبعة الأولى,١٤٢٠ هـ / ٢٠٠٠ م,Arabic,رد المحتار,كتب فقه
book,شرح الوقاية,علامہ عبد الحی بن عبد الحلیم لکھنوی حنفی,١٣٠٤ هـ,,,,,,دار الكتب العلمية,بيروت,الطبعة الأولى,٢٠٠٩ م,Arabic,شرح الوقاية,كتب فقه
book,شرح الجامع الصغير,علامہ قوام الدین محمد بن محمد کاکی حنفی,٧٤٩ هـ,,,,,,دار الكتب العلمية,بيروت,,,Arabic,شرح الجامع الصغير,كتب فقه
book,شرح مختصر الطحاوي,امام احمد بن علی رازی جصاص حنفی,٣٧٠ هـ,,,,,,دار البشائر الإسلامية,بيروت,الطبعة الأولى,,Arabic,شرح مختصر الطحاوي,كتب فقه
book,صغيري,علامہ ابراہیم حلبی حنفی,٩٥٦ هـ,,,,,ميرمحمد كتب خانه,,,,Arabic,صغيري,كتب فقه
book,العناية شرح الهداية,علامہ اکمل الدین محمد بن محمود بابرتی حنفی,٧٨٦ هـ,,,,,,دار الفكر,بيروت,الطبعة الأولى,١٤١٨ هـ / ١٩٩٧ م,Arabic,العناية,كتب فقه
book,عمدة الرعاية,علامہ عبد الحی بن عبد الحلیم لکھنوی حنفی,١٣٠٤ هـ,,,,,,دار الكتب العلمية,بيروت,,,Arabic,عمدة الرعاية,كتب فقه
book,غرر الحكام,علامہ محمد بن فراموز ملا خسرو حنفی,٨٨٥ هـ,,,,,,ميرمحمد كتب خانه,,,,Arabic,غرر الحكام,كتب فقه
book,غنية ذوي الأحكام,علامہ حسن بن عمار شرنبلالی حنفی,١٠٦٩ هـ,,,,,,ميرمحمد كتب خانه,,,,Arabic,غنية ذوي الأحكام,كتب فقه
book,الفتاوى الهندية,شیخ نظام الدین وجماعة من علماء ہند حنفی,١١٦١ هـ,,,,,,دار المعرفة,بيروت,الطبعة الثالثة,١٣٩٣ هـ / ١٩٧٣ م,Arabic,الفتاوى الهندية,كتب فقه
book,الفتاوى التاتارخانية,علامہ عالم بن علاء انصاری دہلوی حنفی,٧٨٦ هـ,,,,,,مكتبة فاروقية,كوئته,الطبعة الأولى,١٤٣١ هـ / ٢٠٠٠ م,Arabic,التاتارخانية,كتب فقه
book,فتاوى النوازل,امام ابو اللیث نصر بن محمد سمرقندی حنفی,٣٧٥ هـ,,,,,,ميرمحمد كتب خانه,,,,Arabic,فتاوى النوازل,كتب فقه
book,الفتاوى السراجية,علامہ سراج الدین علی بن عثمان اوشی حنفی,٥٦٩ هـ,,,,,,ميرمحمد كتب خانه,كوئته,,,Arabic,السراجية,كتب فقه
book,فتح باب العناية,علامہ ملا علی قاری حنفی,١٠١٤ هـ,,,,,,دار إحياء التراث العربي,بيروت,الطبعة الأولى,١٤٢٨ هـ / ٢٠٠٧ م,Arabic,فتح باب العناية,كتب فقه
book,فتح القدير,امام کمال الدین محمد بن عبد الواحد ابن الہمام حنفی,٨٦١ هـ,,,,,,دار إحياء التراث,بيروت,الطبعة الأولى,١٣٤٠ هـ,Arabic,فتح القدير,كتب فقه
book,فتاوى قاضي خان على هامش الهندية,امام حسن بن منصور اوزجندی قاضی خان حنفی,٥٩٢ هـ,,,,,,دار المعرفة,بيروت,الطبعة الثالثة,١٣٩٣ هـ / ١٩٧٣ م,Arabic,فتاوى قاضيخان,كتب فقه
book,الفتاوى البزازية على هامش الهندية,علامہ محمد بن شہاب الدین ابن بزاز کردری حنفی,٨٢٧ هـ,,,,,,دار المعرفة,بيروت,الطبعة الثالثة,١٣٩٣ هـ / ١٩٧٣ م,Arabic,البزازية,كتب فقه
book,فتاوى رضويه,امام احمد رضا خان حنفی,١٣٤٠ هـ,,,,,,رضا فاؤنڈيشن,لاهور,,١٤٢٣ هـ / ٢٠٠٣ م,Urdu,فتاوى رضويه,كتب فقه
book,كنز الدقائق,امام ابو البرکات عبد الله بن احمد نسفی حنفی,٧١٠ هـ,,,,,,دار البشائر الإسلامية,بيروت,الطبعة الأولى,١٤٣٢ هـ / ٢٠١١ م,Arabic,كنز الدقائق,كتب فقه
book,الكفاية على هامش فتح القدير,علامہ جلال الدین خوارزمی حنفی,,,,,,,دار الكتب العلمية,بيروت,,,Arabic,الكفاية,كتب فقه
book,كتاب الاختيار لتعليل المختار,علامہ عبد الله بن محمود موصلی حنفی,٦٨٣ هـ,,,,,,دار المعرفة,بيروت,الطبعة الثانية,١٤٢٣ هـ / ٢٠٠٣ م,Arabic,الاختيار,كتب فقه
book,كبيري,علامہ ابراہیم حلبی حنفی,٩٥٦ هـ,,,,,,مكتبة نعمانية,كوئته,,,Arabic,كبيري,كتب فقه
book,كتاب الأصل,امام محمد بن حسن شیبانی حنفی,١٨٩ هـ,,,,,,عالم الكتب,,,,Arabic,كتاب الأصل,كتب فقه
book,اللباب في شرح الكتاب,علامہ عبد الغنی غنیمی میدانی حنفی,١٢٩٨ هـ,,,,,,دار الكتاب العربي,بيروت,الطبعة الأولى,١٤٢٣ هـ / ٢٠٠٢ م,Arabic,اللباب,كتب فقه
book,المحيط البرهاني,علامہ برہان الدین محمود بن احمد ابن مازہ بخاری حنفی,٦١٦ هـ,,,,,,إدارة القرآن,كراتشي,,,Arabic,المحيط البرهاني,كتب فقه
book,ملتقى الأبحر,علامہ ابراہیم بن محمد حلبی حنفی,٩٥٦ هـ,,,,,,دار البيروني,دمشق، شام,,,Arabic,ملتقى الأبحر,كتب فقه
book,مجمع البحرين,علامہ احمد بن علی ساعاتی بغدادی حنفی,٦٩٤ هـ,,,,,,دار الكتب العلمية,بيروت,الطبعة الأولى,١٤٢٦ هـ / ٢٠٠٥ م,Arabic,مجمع البحرين,كتب فقه
book,مجمع الأنهر,علامہ عبد الرحمن بن محمد کلیبولی حنفی,١٠٧٨ هـ,,,,,,دار الكتب العلمية,بيروت,الطبعة الأولى,١٤١٩ هـ / ١٩٩٨ م,Arabic,مجمع الأنهر,كتب فقه
book,مختصر الوقاية,علامہ صدر الشريعة عبید الله بن مسعود حنفی,٧٤٧ هـ,,,,,,ميرمحمد كتب خانه,,,,Arabic,مختصر الوقاية,كتب فقه
book,مختصر الطحاوي,امام ابو جعفر احمد بن محمد طحاوی حنفی,٣٢١ هـ,,,,,,دار إحياء العلوم,بيروت,,,Arabic,مختصر الطحاوي,كتب فقه
book,نهر الفائق,علامہ سراج الدین ابن نجیم حنفی,١٠٠٥ هـ,,,,,,دار الكتب العلمية,بيروت,الطبعة الأولى,١٤٢٢ هـ / ٢٠٠٢ م,Arabic,نهر الفائق,كتب فقه
book,شرح منلا مسكين,علامہ محمود بن محمد المشہور بمنلا مسکین حنفی,,,,,,,دار الكتب العلمية,,,,Arabic,شرح منلا مسكين,كتب فقه
book,تحفة الملوك,امام محمد بن ابی بکر رازی حنفی,٦٦٦ هـ,,,,,دار البشائر الإسلامية,بيروت,,,Arabic,تحفة الملوك,كتب فقه
book,مجموعة رسائل ابن عابدين,علامہ سید محمد امین ابن عابدین شامی حنفی,١٢٥٢ هـ,,,,,,عالم الكتب,بيروت,,,Arabic,رسائل ابن عابدين,كتب فقه
book,مراقي الفلاح,علامہ حسن بن عمار شرنبلالی حنفی,١٠٦٩ هـ,,,,,,دار الكتب العلمية,بيروت,الطبعة الأولى,١٤١٥ هـ,Arabic,مراقي الفلاح,كتب فقه
book,مختصر القدوري,امام ابو الحسین احمد بن محمد قدوری حنفی,٤٢٨ هـ,,,,,,دار الكتب العلمية,بيروت,الطبعة الأولى,١٤١٨ هـ / ١٩٩٧ م,Arabic,مختصر القدوري,كتب فقه
book,نور الإيضاح,علامہ حسن بن عمار شرنبلالی حنفی,١٠٦٩ هـ,,,,,,مكتبة بركات,كراچي,,,Arabic,نور الإيضاح,كتب فقه
book,الهداية,امام برہان الدین علی بن ابی بکر مرغینانی حنفی,٥٩٣ هـ,,,,,,دار الأرقم,بيروت,الطبعة الأولى,١٤١٠ هـ / ١٩٩٠ م,Arabic,الهداية,كتب فقه
book,الفتاوى الهندية,شیخ نظام الدین وجماعة من علماء ہند حنفی,١١٦١ هـ,,,,,,دار المعرفة,بيروت,الطبعة الثالثة,١٣٩٣ هـ / ١٩٧٣ م,Arabic,الفتاوى الهندية,فتاوى
book,الفتاوى التاتارخانية,علامہ عالم بن علاء انصاری دہلوی حنفی,٧٨٦ هـ,,,,,,مكتبة فاروقية,كوئته,الطبعة الأولى,١٤٣١ هـ / ٢٠٠٠ م,Arabic,التاتارخانية,فتاوى
book,فتاوى النوازل,امام ابو اللیث نصر بن محمد سمرقندی حنفی,٣٧٥ هـ,,,,,,ميرمحمد كتب خانه,,,,Arabic,فتاوى النوازل,فتاوى
book,الفتاوى السراجية,علامہ سراج الدین علی بن عثمان اوشی حنفی,٥٦٩ هـ,,,,,,ميرمحمد كتب خانه,كوئته,,,Arabic,السراجية,فتاوى
book,فتاوى قاضي خان على هامش الهندية,امام حسن بن منصور اوزجندی قاضی خان حنفی,٥٩٢ هـ,,,,,,دار المعرفة,بيروت,الطبعة الثالثة,١٣٩٣ هـ / ١٩٧٣ م,Arabic,فتاوى قاضيخان,فتاوى
book,الفتاوى البزازية على هامش الهندية,علامہ محمد بن شہاب الدین ابن بزاز کردری حنفی,٨٢٧ هـ,,,,,,دار المعرفة,بيروت,الطبعة الثالثة,١٣٩٣ هـ / ١٩٧٣ م,Arabic,البزازية,فتاوى
book,فتاوى رضويه,امام احمد رضا خان حنفی,١٣٤٠ هـ,,,,,,رضا فاؤنڈيشن,لاهور,,١٤٢٣ هـ / ٢٠٠٣ م,Urdu,فتاوى رضويه,فتاوى
book,تنقيح الفتاوى الحامدية,علامہ سید محمد امین ابن عابدین شامی حنفی,١٢٥٢ هـ,,,,,,مكتبة حقانية,پشاور,,,Arabic,تنقيح الحامدية,فتاوى
book,الفتاوى الخيرية,علامہ خیر الدین رملی حنفی,١٠٨١ هـ,,,,,,مكتبة حقانية,پشاور,,,Arabic,الفتاوى الخيرية,فتاوى
book,الفتاوى الانقروية,علامہ محمد حسین روحی انقروی حنفی,١٠٩٨ هـ,,,,,,دار الاشاعة العربية,كوئته,,,Arabic,الانقروية,فتاوى
book,فتاوى واحدى,علامہ مخدوم عبد الواحد سیوستانی حنفی,١٢٢٤ هـ,,,,,,در مطبع گيلاني اليكترك,لاهور,,١٣٤٦ هـ / ١٩٢٧ م,Arabic,فتاوى واحدى,فتاوى
book,وقار الفتاوى,مفتی وقار الدین قادری حنفی,١٣١٣ هـ,,,,,,بزم وقار الدين,كراچي,,١٩٩٩ م,Arabic,وقار الفتاوى,فتاوى
book,فتاوى مجيديه,صدر الشریعہ مفتی محمد امجد علی اعظمی حنفی,١٣٦٧ هـ,,,,,,مكتبة رضوية آرام باغ,كراچي,,١٣٤١ هـ / ٢٠٠٩ م,Arabic,فتاوى مجيديه,فتاوى
book,الفتاوى الغياثية,علامہ داود بن یوسف داودی حنفی,,,,,,,جان محمد بستي پيلشرز,كوئته,,,Arabic,الغياثية,فتاوى
book,حلية الأولياء,امام ابو نعیم احمد بن عبد الله اصبہانی شافعی,٤٣٠ هـ,,,,,,دار الكتاب العربي,بيروت,,,Arabic,حلية الأولياء,كتب حديث
book,الدراية في تخريج أحاديث الهداية,امام احمد بن علی ابن حجر عسقلانی شافعی,٨٥٢ هـ,,,,,,دار الكتب العلمية,بيروت,الطبعة الأولى,١٤١٨ هـ / ١٩٩٧ م,Arabic,الدراية,كتب حديث
book,السنن الكبرى للبيهقي,امام ابو بکر احمد بن حسین بیہقی شافعی,٤٥٨ هـ,,,,,,دار الكتب العلمية,بيروت,الطبعة الأولى,١٤٢٠ هـ / ١٩٩٩ م,Arabic,السنن الكبرى للبيهقي,كتب حديث
book,السنن الكبرى للنسائي,امام احمد بن شعیب نسائی شافعی,٣٠٣ هـ,,,,,,دار الكتب العلمية,,,,Arabic,السنن الكبرى للنسائي,كتب حديث
book,سنن أبي داود,امام سلیمان بن اشعث سجستانی ابو داود,٢٧٥ هـ,,,,,,دار ابن حزم,بيروت,الطبعة الأولى,١٤١٨ هـ / ١٩٩٧ م,Arabic,سنن أبي داود,كتب حديث
book,سنن الترمذي,امام محمد بن عیسی ترمذی,٢٧٩ هـ,,,,,,دار الكتب العلمية,بيروت,الطبعة الأولى,١٤٢١ هـ / ٢٠٠٠ م,Arabic,سنن الترمذي,كتب حديث
book,سنن الدارمي,امام ابو عبد الله محمد بن عبد الرحمن دارمی,٢٥٥ هـ,,,,,,دار الكتب العلمية,بيروت,الطبعة الأولى,١٤١٨ هـ / ١٩٩٦ م,Arabic,سنن الدارمي,كتب حديث
book,سنن النسائي,امام احمد بن شعیب نسائی شافعی,٣٠٣ هـ,,,,,,دار الفكر,بيروت,,١٤١٥ هـ / ١٩٩٥ م,Arabic,سنن النسائي,كتب حديث
book,سنن الدارقطني,امام علی بن عمر ابو الحسن دارقطنی شافعی,٣٨٥ هـ,,,,,,دار الكتب العلمية,بيروت,الطبعة الأولى,١٤١٧ هـ / ١٩٩٦ م,Arabic,سنن الدارقطني,كتب حديث
book,شعب الإيمان للبيهقي,امام ابو بکر احمد بن حسین بیہقی شافعی,٤٥٨ هـ,,,,,,مكتبة الرشد,بيروت,الطبعة الأولى,١٤٣٣ هـ / ٢٠٠٢ م,Arabic,شعب الإيمان,كتب حديث
book,شرح معاني الآثار,امام ابو جعفر احمد بن محمد طحاوی حنفی,٣٢١ هـ,,,,,,عالم الكتب,بيروت,الطبعة الأولى,١٤١٤ هـ / ١٩٩٤ م,Arabic,شرح معاني الآثار,كتب حديث
book,صحيح مسلم,امام مسلم بن حجاج قشیری,٢٦١ هـ,,,,,,دار الكتب العلمية,بيروت,الطبعة الأولى,١٤٢٠ هـ / ١٩٩٩ م,Arabic,صحيح مسلم,كتب حديث
book,صحيح البخاري,امام محمد بن اسماعیل بخاری,٢٥٦ هـ,,,,,,دار الكتب العلمية,بيروت,الطبعة الأولى,١٤٢٠ هـ / ١٩٩٩ م,Arabic,صحيح البخاري,كتب حديث
book,صحيح ابن حبان,امام محمد بن حبان بستی شافعی,٣٥٤ هـ,,,,,,دار الكتب العلمية,بيروت,الطبعة الثانية,١٤١٤ هـ / ١٩٩٣ م,Arabic,صحيح ابن حبان,كتب حديث
book,صحيح ابن خزيمة,امام محمد بن اسحاق ابن خزیمہ شافعی,٣١١ هـ,,,,,,المكتب الإسلامي,بيروت,,١٣٩٠ هـ / ١٩٧٠ م,Arabic,صحيح ابن خزيمة,كتب حديث
book,كتاب المنتقى,امام عبد الله بن علی ابن جارود,٣٠٧ هـ,,,,,دار الكتب العلمية,بيروت,,,Arabic,كتاب المنتقى,كتب حديث
book,كتاب الآثار لأبي يوسف,امام ابو یوسف یعقوب بن ابراہیم انصاری حنفی,١٨٢ هـ,,,,,,دار الكتب العلمية,بيروت,,,Arabic,آثار أبي يوسف,كتب حديث
book,كتاب الآثار للشيباني,امام محمد بن حسن شیبانی حنفی,١٨٩ هـ,,,,,,دار الكتب العلمية,بيروت,,,Arabic,آثار الشيباني,كتب حديث
book,المستدرك للحاكم,امام ابو عبد الله محمد بن عبد الله حاکم نیشابوری شافعی,٤٠٥ هـ,,,,,,دار المعرفة,بيروت,الطبعة الثانية,١٤٢٧ هـ / ٢٠٠٦ م,Arabic,المستدرك,كتب حديث
book,موطأ الإمام محمد,امام محمد بن حسن شیبانی حنفی,١٨٩ هـ,,,,,,دار الكتب العلمية,بيروت,,,Arabic,موطأ الإمام محمد,كتب حديث
book,الموطأ للإمام مالك,امام مالک بن انس اصبحی مالکی,١٧٩ هـ,,,,,,دار إحياء التراث العربي,بيروت,,١٤٢٥ هـ / ٢٠٠٤ م,Arabic,الموطأ,كتب حديث
book,المعجم الصغير للطبراني,امام ابو القاسم سلیمان بن احمد طبرانی,٣٦٠ هـ,,,,,,دار الكتب العلمية,بيروت,,١٤٠٥ هـ / ١٩٨٥ م,Arabic,المعجم الصغير,كتب حديث
book,المعجم الأوسط للطبراني,امام ابو القاسم سلیمان بن احمد طبرانی,٣٦٠ هـ,,,,,,دار الكتب العلمية,بيروت,الطبعة الأولى,١٤٢٠ هـ / ١٩٩٩ م,Arabic,المعجم الأوسط,كتب حديث
book,المعجم الكبير للطبراني,امام ابو القاسم سلیمان بن احمد طبرانی,٣٦٠ هـ,,,,,,دار إحياء التراث العربي,بيروت,,,Arabic,المعجم الكبير,كتب حديث
book,مشكاة المصابيح,علامہ ولی الدین ابو عبد الله محمد خطیب تبریزی شافعی,٧٤١ هـ,,,,,,دار الكتب العلمية,بيروت,الطبعة الأولى,١٤٢٤ هـ / ٢٠٠٣ م,Arabic,مشكاة المصابيح,كتب حديث
book,مسند أبي يعلى الموصلي,امام ابو یعلی احمد بن علی موصلی,٣٠٧ هـ,,,,,,دار الفكر,دمشق,,١٤٠٤ هـ / ١٩٨٤ م,Arabic,مسند أبي يعلى,كتب حديث
book,مسند الإمام أحمد بن حنبل,امام احمد بن حنبل حنبلی,٢٤١ هـ,,,,,,عالم الكتب العلمية,بيروت,,,Arabic,مسند أحمد,كتب حديث
book,المصنف لعبد الرزاق,امام عبد الرزاق بن ہمام صنعانی,٢١١ هـ,,,,,,دار الكتب العلمية,بيروت,الطبعة الأولى,١٤٢١ هـ / ٢٠٠٠ م,Arabic,مصنف عبد الرزاق,كتب حديث
book,المصنف لابن أبي شيبة,امام ابو بکر عبد الله بن محمد ابن ابی شیبہ,٢٣٥ هـ,,,,,,دار قرطبة,بيروت,,١٤٢٨ هـ / ٢٠٠٧ م,Arabic,مصنف ابن أبي شيبة,كتب حديث
book,نصب الراية,علامہ جمال الدین ابو محمد عبد الله بن یوسف زیلعی حنفی,٧٦٢ هـ,,,,,,دار الكتب العلمية,بيروت,الطبعة الثالثة,١٤٢٢ هـ / ٢٠٠٢ م,Arabic,نصب الراية,كتب حديث
book,سنن ابن ماجة,امام ابو عبد الله محمد بن یزید ابن ماجہ,٢٧٣ هـ,,,,,,دار الكتب العلمية,بيروت,الطبعة الأولى,١٤١٩ هـ / ١٩٩٨ م,Arabic,سنن ابن ماجة,كتب حديث
book,مرقاة المفاتيح,علامہ ملا علی بن سلطان محمد قاری حنفی,١٠١٤ هـ,,,,,,دار الكتب العلمية,بيروت,الطبعة الأولى,١٤٢٢ هـ / ٢٠٠١ م,Arabic,مرقاة المفاتيح,كتب حديث
book,البداية والنهاية,امام اسماعیل بن عمر ابن کثیر شافعی,٧٧٤ هـ,,,,,,دار الفكر,,,,Arabic,البداية والنهاية,كتب تفسير / سيرة
book,دلائل النبوة,امام ابو بکر احمد بن حسین بیہقی شافعی,٤٥٨ هـ,,,,,,دار الكتب العلمية,بيروت,الطبعة الأولى,١٤٠٥ هـ / ١٩٨٥ م,Arabic,دلائل النبوة,كتب تفسير / سيرة
book,حجة الله على العالمين في معجزات سيد المرسلين,علامہ یوسف بن اسماعیل نبہانی شافعی,١٣٥٠ هـ,,,,,,دار الكتب العلمية,بيروت,,,Arabic,حجة الله,كتب تفسير / سيرة
book,الطريقة المحمدية والسيرة الأحمدية,علامہ محمد بن علی برکوی حنفی,٩٨١ هـ,,,,,,دار القلم العربي,بيروت,,,Arabic,الطريقة المحمدية,كتب تفسير / سيرة
book,الشفا بتعريف حقوق المصطفى,امام ابو الفضل عیاض بن موسی قاضی مالکی,٥٤٤ هـ,,,,,,شركة دار الأرقم بن أبي الأرقم,بيروت,,,Arabic,الشفا,كتب تفسير / سيرة
book,إرشاد الساري,امام شہاب الدین احمد بن محمد قسطلانی شافعی,٩٢٣ هـ,,,,,,دار الفكر,بيروت,,,Arabic,إرشاد الساري,كتب تفسير / سيرة
book,تفسير الجلالين,امام جلال الدین محلی وامام جلال الدین سیوطی شافعی,٨٦٤/٩١١ هـ,,,,,,دار ابن كثير,بيروت,الطبعة التاسعة,١٤١٩ هـ / ١٩٩٨ م,Arabic,تفسير الجلالين,كتب تفسير / سيرة
book,كتاب المغازي,امام ابو عبد الله محمد بن عمر واقدی,٢٠٧ هـ,,,,,,دار الكتب العلمية,بيروت,الطبعة الأولى,١٤٢٤ هـ / ٢٠٠٤ م,Arabic,المغازي,كتب تفسير / سيرة
book,كنز العمال,علامہ علاؤ الدین علی بن حسام الدین متقی ہندی حنفی,٩٧٥ هـ,,,,,,دار الكتب العلمية,بيروت,الطبعة الأولى,١٤٢٤ هـ / ٢٠٠٤ م,Arabic,كنز العمال,كتب تفسير / سيرة
book,تفسير المظهري,قاضی محمد ثناء الله مظہری حنفی,١٢٢٥ هـ,,,,,,دار إحياء التراث العربي,بيروت,الطبعة الأولى,١٤٢٥ هـ / ٢٠٠٤ م,Arabic,تفسير المظهري,كتب تفسير / سيرة
book,روح البيان,علامہ شیخ اسماعیل حقی بن مصطفی الاسلامبولی حنفی,١١٣٧ هـ,,,,,,دار إحياء التراث العربي,بيروت,الطبعة الأولى,١٤٢١ هـ / ٢٠٠١ م,Arabic,روح البيان,كتب تفسير / سيرة
book,خزائن العرفان,صدر الافاضل علامہ سید محمد نعیم الدین مراد آبادی حنفی,١٣٦٧ هـ,,,,,,ضياء القرآن,لاهور,,,Arabic,خزائن العرفان,كتب تفسير / سيرة
book,الجامع لأحكام القرآن,امام ابو عبد الله محمد بن احمد انصاری قرطبی مالکی,٦٧١ هـ,,,,,,دار إحياء التراث العربي,بيروت,الطبعة الأولى,١٤١٦ هـ / ١٩٩٥ م,Arabic,تفسير القرطبي,كتب تفسير / سيرة
book,تفسير خازن,علامہ علاؤ الدین علی بن محمد بغدادی الشہیر بالخازن,٧٢٥ هـ,,,,,,دار الكتب العربية,لبنان,الطبعة الأولى,١٤٢٥ هـ / ٢٠٠٤ م,Arabic,تفسير خازن,كتب تفسير / سيرة
book,شرح كتاب الفقه الأكبر,علامہ ملا علی قاری حنفی,١٠١٤ هـ,,,,,,دار الكتب العلمية,بيروت,الطبعة الأولى,١٤١٩ هـ / ١٩٩٨ م,Arabic,شرح الفقه الأكبر,متفرق / عقائد
book,لمعات التنقيح في شرح مشكاة المصابيح,شیخ عبد الحق محدث دہلوی حنفی,١٠٥٢ هـ,,,,,,دار النوادر,دمشق,الطبعة الأولى,١٤٣٥ هـ / ٢٠١٤ م,Arabic,لمعات التنقيح,متفرق / عقائد
book,المواهب اللدنية بالمنح المحمدية,امام احمد بن محمد قسطلانی شافعی,٩٢٣ هـ,,,,,,دار الكتب العلمية,بيروت,الطبعة الأولى,١٤١٦ هـ / ١٩٩٦ م,Arabic,المواهب اللدنية,متفرق / عقائد
book,مدارج النبوة,شیخ عبد الحق محدث دہلوی حنفی,١٠٥٢ هـ,,,,,,مكتبة نورية رضوية,لاهور,,,Arabic,مدارج النبوة,متفرق / عقائد
book,مرآة المناجيح,مفتی احمد یار خان نعیمی حنفی,١٣٩١ هـ,,,,,,قادري پبلشرز,لاهور,,٢٠٠٩ م,Arabic,مرآة المناجيح,متفرق / عقائد
book,البياض الفضلي,مفتی فضل الله بامأثالي حنفی,,,,,,,محفوظة در كتب خانه دار العلوم مجددية نعيمية,كراچي,,,Arabic,البياض الفضلي,متفرق / عقائد
book,نخب الأفكار في تنقيح مباني الأخبار شرح معاني الآثار,امام بدر الدین محمود بن احمد عینی حنفی,٨٥٥ هـ,,,,,,دار التوادر,الدوحة,الطبعة الأولى,١٤٢٧ هـ / ٢٠٠٦ م,Arabic,نخب الأفكار,متفرق / عقائد
book,واقعات المفتين,علامہ عبد القادر بن یوسف حنفی,١١٠٧ هـ,,,,,,دار الكتب العلمية,بيروت,,,Arabic,واقعات المفتين,متفرق / عقائد
book,الترغيب والترهيب,امام زکی الدین عبد العظیم بن عبد القوی منذری شافعی,٦٥٦ هـ,,,,,,دار الفكر,بيروت,الطبعة الأولى,١٤٢١ هـ / ٢٠٠٠ م,Arabic,الترغيب والترهيب,متفرق / عقائد
book,الفوائد البهية في تراجم الحنفية,علامہ ابو الحسنات محمد عبد الحی لکھنوی حنفی,١٣٠٤ هـ,,,,,,دار الأرقم,بيروت,الطبعة الأولى,١٤١٨ هـ / ١٩٩٨ م,Arabic,الفوائد البهية,متفرق / عقائد
book,البرجندي,علامہ عبد علی برجندی حنفی,,,,,,,العجائب لزاخر العلوم,كوئته,,,Arabic,البرجندي,متفرق / عقائد
book,فتح الباري,امام احمد بن علی ابو الفضل ابن حجر عسقلانی شافعی,٨٥٢ هـ,,,,,,دار الكتب العلمية,بيروت,,,Arabic,فتح الباري,متفرق / عقائد
book,تيسير القاري,قاضی محمد نور الحق دہلوی حنفی,١٠٧٣ هـ,,,,,,مكتبة الحقانية,پشاور,,,Arabic,تيسير القاري,متفرق / عقائد
book,عمدة القاري شرح صحيح البخاري,امام بدر الدین ابو محمد محمود بن احمد عینی حنفی,٨٥٥ هـ,,,,,,دار الفكر,بيروت,الطبعة الأولى,١٤١٨ هـ / ١٩٩٨ م,Arabic,عمدة القاري,متفرق / عقائد
book,شرح النووي على مسلم,امام یحیی بن شرف نووی شافعی,٦٧٦ هـ,,,,,,دار الكتب العلمية,بيروت,الطبعة الأولى,١٤٢١ هـ / ٢٠٠٠ م,Arabic,شرح النووي,متفرق / عقائد
book,الإيثار لحل المختار,علامہ محیی الدین محمد محلی بن الیاس حنفی,٩٥٤ هـ,,,,,,مكتبة الإرشاد,إسطنبول,الطبعة الأولى,١٤٣٧ هـ / ٢٠١٦ م,Arabic,الإيثار,متفرق / عقائد
book,غمز عيون البصائر,علامہ احمد بن محمد حموی حنفی,١٠٩٨ هـ,,,,,,إدارة القرآن,كراچي,,,Arabic,غمز عيون البصائر,متفرق / عقائد
book,تقريرات رافعي,علامہ عبد القادر بن مصطفی رافعی حنفی,١٣١٢ هـ,,,,,,دار المعرفة,بيروت,الطبعة الأولى,١٤٢١ هـ / ٢٠٠٠ م,Arabic,تقريرات رافعي,متفرق / عقائد
book,مجمع الزوائد,امام نور الدین علی بن ابی بکر ہیثمی شافعی,٨٠٧ هـ,,,,,,دار الكتب العلمية,بيروت,الطبعة الأولى,١٤٢٢ هـ / ٢٠٠١ م,Arabic,مجمع الزوائد,متفرق / عقائد
book,إشعة اللمعات,شیخ عبد الحق محدث دہلوی حنفی,١٠٥٢ هـ,,,,,,كتب خانه,دمشق؛ ملتان,,,Arabic,إشعة اللمعات,متفرق / عقائد
book,شرح الطيبي على مشكاة المصابيح,علامہ شرف الدین حسین بن محمد طیبی شافعی,٧٤٣ هـ,,,,,,دار الكتب العلمية,بيروت,الطبعة الأولى,١٤٢٢ هـ / ٢٠٠١ م,Arabic,شرح الطيبي,متفرق / عقائد
book,اللباب المناسك,علامہ رحمۃ الله سندی حنفی,٩٩٣ هـ,,,,,,مكتبة الإمداية,مكة المكرمة,الطبعة الأولى,١٤٣٠ هـ / ٢٠٠٩ م,Arabic,اللباب المناسك,متفرق / عقائد
book,شرح العقائد النسفية,علامہ سعد الدین مسعود بن عمر تفتازانی شافعی,٧٩٢ هـ,,,,,,مكتبة المدينة,كراتشي,الطبعة الأولى,١٤٣٠ هـ / ٢٠٠٩ م,Arabic,شرح العقائد,متفرق / عقائد
book,النبراس على شرح عقائد,علامہ محمد عبد العزیز پرہاروی حنفی,١٢٣٩ هـ,,,,,,فروفاجر كتب خانه,كوئته,,,Arabic,النبراس,متفرق / عقائد
book,اصول الشاشي,امام نظام الدین احمد بن محمد بن اسحاق شاشی حنفی,٣٤٤ هـ,,,,,,دار الأرقم,بيروت,,,Arabic,اصول الشاشي,متفرق / عقائد
book,الكتاب المبسوط,علامہ شمس الدین ابو بکر محمد بن ابو سھل سرخسی حنفی,٤٨٣ هـ,,,,,,دار الفكر,بيروت,الطبعة الأولى,١٤٢١ هـ / ٢٠٠٠ م,Arabic,المبسوط,متفرق / عقائد
book,جامع الفصولين,علامہ محمود بن اسماعیل الشہیر بابن قاضی سماوہ حنفی,,,,,,,المطبعة الأزهرية,,الطبعة الأولى,١٣٠٠ هـ,Arabic,جامع الفصولين,متفرق / عقائد
book,الاختيار لتعليل المختار,علامہ عبد الله بن محمود موصلی حنفی,٦٨٣ هـ,,,,,,دار المعرفة,بيروت,,١٤٢٣ هـ / ٢٠٠٣ م,Arabic,الاختيار,متفرق / عقائد